{"RandomPokerPlayer": [16.0, 7.333333333333333, 25.333333333333332, 18.0, 19.666666666666668, 29.666666666666668, 14.333333333333334, 27.333333333333332, 28.333333333333332, 19.333333333333332, 25.0, 8.333333333333334, 8.0, 6.666666666666667, 27.333333333333332, 13.0, 30.0, 11.666666666666666, 20.0, 12.666666666666666, 23.0, 19.0, 27.666666666666668, 23.666666666666668, 23.333333333333332, 9.0, 13.0, 18.0, 12.666666666666666, 16.0, 26.666666666666668, 6.666666666666667, 9.0, 12.0, 12.333333333333334, 13.666666666666666, 12.0, 23.333333333333332, 23.666666666666668, 27.0, 31.666666666666668, 21.666666666666668, 16.0, 20.666666666666668, 10.666666666666666, 9.0, 20.666666666666668, 9.0, 7.666666666666667, 18.666666666666668], "FixedPokerPlayer": [11.0, 12.0, 6.666666666666667, 9.666666666666666, 12.0, 9.333333333333334, 11.0, 9.666666666666666, 16.0, 13.0, 13.0, 7.333333333333333, 9.666666666666666, 9.333333333333334, 17.0, 9.333333333333334, 13.0, 13.0, 7.0, 6.666666666666667, 15.0, 11.0, 12.0, 16.0, 9.333333333333334, 7.0, 11.0, 10.0, 9.666666666666666, 9.666666666666666, 12.0, 7.0, 9.666666666666666, 6.666666666666667, 9.333333333333334, 15.0, 9.666666666666666, 13.0, 11.0, 10.0, 9.333333333333334, 12.0, 8.0, 9.666666666666666, 13.0, 7.0, 9.666666666666666, 9.666666666666666, 8.0, 12.0], "ReflexPokerPlayer": [0.0, 0.0, 0.0, 0.0, 0.0, 0.0, 0.0, 0.0, 0.0, 0.0, 0.0, 0.0, 0.0, 0.0, 0.0, 0.0, 0.0, 0.0, 0.0, 0.0, 0.0, 0.0, 0.0, 0.0, 0.0, 0.0, 0.0, 0.0, 0.0, 0.0, 0.0, 0.0, 0.0, 0.0, 0.0, 0.0, 0.0, 0.0, 0.0, 0.0, 0.0, 0.0, 0.0, 0.0, 0.0, 0.0, 0.0, 0.0, 0.0, 0.0]}